Codon,Amino Acid,Frequency
TCA,S,7.57
AAT,N,18.26
TGG,W,15.21
GAT,D,32.43
GAA,E,39.55
TTC,F,16.21
CCG,P,22.65
ACT,T,9.02
GGG,G,11.29
ACG,T,14.47
AGA,R,2.43
TTG,L,13.37
GTC,V,15.07
GCA,A,20.61
TGA,*,1.04
CGT,R,20.7
CAC,H,9.44
CTC,L,10.92
CGA,R,3.67
GCT,A,15.54
ATC,I,24.6
ATA,I,4.88
TTT,F,22.38
TAA,*,2.03
GTG,V,25.9
GCC,A,25.45
GAG,E,18.24
CAT,H,12.84
AAG,K,10.7
AAA,K,33.94
GCG,A,32.79
TCC,S,8.81
GGC,G,28.65
TCT,S,8.61
CCT,P,7.22
GTA,V,10.97
AGG,R,1.48
CCA,P,8.44
TAT,Y,16.36
ACC,T,22.88
TCG,S,8.79
ATG,M,27.59
TTA,L,13.83
TGC,C,6.34
GTT,V,18.39
CTT,L,11.44
CAG,Q,29.21
CCC,P,5.56
ATT,I,30.21
ACA,T,7.63
AAC,N,21.47
GGT,G,24.45
AGC,S,15.89
CGG,R,5.72
TAG,*,0.25
CGC,R,21.48
AGT,S,9.08
CTA,L,3.93
CAA,Q,15.1
CTG,L,52.1
GGA,G,8.44
TGT,C,5.19
TAC,Y,12.15
GAC,D,19.14
